{
	"ambient": {
		"x": 0.10000000149011612,
		"y": 0.10000000149011612,
		"z": 0.10000000149011612
	},
	"default_material": "null",
	"main_camera": "e7036200-e24e-044e-ae21-184bf309a76c",
	"objects": [
		{
			"children": [],
			"components": {
				"Gameplay::Camera": {
					"clear_color": {
						"w": -431602080.0,
						"x": -431602080.0,
						"y": -431602080.0,
						"z": -431602080.0
					},
					"enabled": true,
					"far_plane": 1000.0,
					"fov_radians": 1.3089969158172607,
					"guid": "e7036200-e24e-044e-ae21-184bf309a76c",
					"near_plane": 0.10000000149011612,
					"ortho_enabled": false,
					"ortho_size": 10.0
				},
				"SimpleCameraControl": {
					"enabled": true,
					"guid": "8e04e294-0635-bb47-ac95-a37c82f0c998",
					"mouse_sensitivity": {
						"x": 0.5,
						"y": 0.30000001192092896
					},
					"move_speed": {
						"x": 1.0,
						"y": 1.0,
						"z": 1.0
					},
					"shift_mult": 2.0
				}
			},
			"guid": "1340423b-cbf2-b141-b2df-b6a3b95057ce",
			"hide_in_inspector": false,
			"name": "Main Camera",
			"parent": "null",
			"position": {
				"x": -7.275000095367432,
				"y": 0.2669999897480011,
				"z": 5.26200008392334
			},
			"rotation": {
				"w": 0.49949246644973755,
				"x": 0.48183926939964294,
				"y": -0.4998476803302765,
				"z": -0.5181606411933899
			},
			"scale": {
				"x": 1.0,
				"y": 1.0,
				"z": 1.0
			}
		},
		{
			"children": [],
			"components": null,
			"guid": "03cac99b-7b62-b149-a693-d5144d697153",
			"hide_in_inspector": false,
			"name": "Lights",
			"parent": "null",
			"position": {
				"x": 0.0,
				"y": 0.0,
				"z": 0.0
			},
			"rotation": {
				"w": 1.0,
				"x": 0.0,
				"y": 0.0,
				"z": 0.0
			},
			"scale": {
				"x": 1.0,
				"y": 1.0,
				"z": 1.0
			}
		},
		{
			"children": [],
			"components": {
				"Light": {
					"color": {
						"x": 1.0,
						"y": 1.0,
						"z": 1.0
					},
					"direction": {
						"x": 0.0,
						"y": 0.0,
						"z": -1.0
					},
					"enabled": true,
					"guid": "7114f676-2a85-da4d-9201-ebcec8545bc1",
					"intensity": 10.0,
					"params": {
						"x": 0.0,
						"y": 0.0,
						"z": 0.0
					},
					"range": 5000.0,
					"type": "Point"
				}
			},
			"guid": "a2ef71f8-ff20-8746-9808-495731b827df",
			"hide_in_inspector": false,
			"name": "Light",
			"parent": "null",
			"position": {
				"x": -12.100000381469727,
				"y": 0.0,
				"z": 10.0
			},
			"rotation": {
				"w": 1.0,
				"x": 0.0,
				"y": 0.0,
				"z": 0.0
			},
			"scale": {
				"x": 1.0,
				"y": 1.0,
				"z": 1.0
			}
		},
		{
			"children": [],
			"components": {
				"RenderComponent": {
					"enabled": true,
					"guid": "6f42a0b1-2be9-214c-a519-b36fc28c8139",
					"material": "fe591232-69ce-7143-b0e0-c4121dc4a02d",
					"mesh": "4528ffa5-1a89-c744-a470-bdd08f41ea50"
				}
			},
			"guid": "31bd606b-8b9b-6446-bef0-611a05dff33d",
			"hide_in_inspector": false,
			"name": "World",
			"parent": "null",
			"position": {
				"x": 0.0,
				"y": 0.0,
				"z": 0.0
			},
			"rotation": {
				"w": -3.0908619663705394e-08,
				"x": -3.0908619663705394e-08,
				"y": 0.7071067690849304,
				"z": 0.7071067690849304
			},
			"scale": {
				"x": 0.800000011920929,
				"y": 0.800000011920929,
				"z": 0.800000011920929
			}
		},
		{
			"children": [],
			"components": {
				"RenderComponent": {
					"enabled": true,
					"guid": "ac8f96a4-48c8-c741-91c6-f15f72a0af9c",
					"material": "601c0e32-adc9-684f-b16c-3885ef106f9f",
					"mesh": "4739072b-deb0-8d47-800b-cac7e09443eb"
				}
			},
			"guid": "96fa3c92-cc62-8244-a528-901e373bab27",
			"hide_in_inspector": false,
			"name": "Sword",
			"parent": "null",
			"position": {
				"x": -3.049999952316284,
				"y": -2.75,
				"z": 2.8299999237060547
			},
			"rotation": {
				"w": -3.0908619663705394e-08,
				"x": -3.0908619663705394e-08,
				"y": -0.7071067690849304,
				"z": -0.7071067690849304
			},
			"scale": {
				"x": 1.0,
				"y": 1.0,
				"z": 1.0
			}
		},
		{
			"children": [],
			"components": {
				"RenderComponent": {
					"enabled": true,
					"guid": "5fd48aa9-73a3-b64e-8a0a-d6ec2acea64a",
					"material": "400027c0-40d1-a943-98fd-bb5febddae7d",
					"mesh": "04da0563-e140-ee45-a899-fd284b69f359"
				}
			},
			"guid": "dd63cedf-a8f5-8245-8c55-683081eac62a",
			"hide_in_inspector": false,
			"name": "Ball",
			"parent": "null",
			"position": {
				"x": 0.0,
				"y": 0.0,
				"z": 5.0
			},
			"rotation": {
				"w": 0.7071067690849304,
				"x": 0.7071067690849304,
				"y": 0.0,
				"z": 0.0
			},
			"scale": {
				"x": 1.0,
				"y": 1.0,
				"z": 1.0
			}
		},
		{
			"children": [],
			"components": {
				"RenderComponent": {
					"enabled": true,
					"guid": "60458c6f-90dc-a245-9d8e-5a499db91a48",
					"material": "69911858-6969-ad46-8ba0-bac1ae4c3077",
					"mesh": "a1c34e3d-3a83-1745-9603-2682512d9e28"
				}
			},
			"guid": "f2c6c09d-0470-c148-b148-e7c1dbf092c1",
			"hide_in_inspector": false,
			"name": "Pipe",
			"parent": "null",
			"position": {
				"x": 0.0,
				"y": 0.0,
				"z": 1.1799999475479126
			},
			"rotation": {
				"w": 0.4911976456642151,
				"x": 0.4911976456642151,
				"y": -0.508650004863739,
				"z": -0.508650004863739
			},
			"scale": {
				"x": 1.0,
				"y": 1.0,
				"z": 1.0
			}
		},
		{
			"children": [],
			"components": null,
			"guid": "455a33a3-e509-6145-9a06-1cc44c113914",
			"hide_in_inspector": false,
			"name": "Demo Parent",
			"parent": "null",
			"position": {
				"x": 0.0,
				"y": 0.0,
				"z": 0.0
			},
			"rotation": {
				"w": 1.0,
				"x": 0.0,
				"y": 0.0,
				"z": 0.0
			},
			"scale": {
				"x": 1.0,
				"y": 1.0,
				"z": 1.0
			}
		},
		{
			"children": [],
			"components": {
				"Gameplay::Physics::TriggerVolume": {
					"colliders": [
						{
							"guid": "efd32088-90ee-ea46-8b5d-ae9b47f5d62a",
							"half_extents": {
								"x": 3.0,
								"y": 3.0,
								"z": 1.0
							},
							"position": {
								"x": 0.0,
								"y": 0.0,
								"z": 0.5
							},
							"rotation": {
								"x": 0.0,
								"y": 0.0,
								"z": 0.0
							},
							"scale": {
								"x": 1.0,
								"y": 1.0,
								"z": 1.0
							},
							"type": "Cylinder"
						}
					],
					"enabled": true,
					"group": 1,
					"guid": "25839862-1a9c-e945-b9e7-2a7e1724856b",
					"mask": -1
				},
				"TriggerVolumeEnterBehaviour": {
					"enabled": true,
					"guid": "b5a42c63-1920-6a49-82a9-5d313f56e589"
				}
			},
			"guid": "1496ee34-51e6-ca45-819a-36ec5b9c20b5",
			"hide_in_inspector": false,
			"name": "Trigger",
			"parent": "null",
			"position": {
				"x": 0.0,
				"y": 0.0,
				"z": 0.0
			},
			"rotation": {
				"w": 1.0,
				"x": 0.0,
				"y": 0.0,
				"z": 0.0
			},
			"scale": {
				"x": 1.0,
				"y": 1.0,
				"z": 1.0
			}
		}
	],
	"skybox": {
		"mesh": "null",
		"orientation": {
			"w": 0.7071067690849304,
			"x": 0.7071067690849304,
			"y": 0.0,
			"z": 0.0
		},
		"shader": "f65740cf-1739-c847-9a39-0feea10e9090",
		"texture": "d8be1288-85e8-f048-8a58-654bbba0c184"
	}
}